{
    "elements": [
        { "from": [ 0, 0, 0], "to": [16.000001, 0.000001, 0.000001], "faces": { "north": {"uv": [1.5, 1.5, 2.5, 1.5], "texture": "#0"}, "south": {"uv": [1.5, 1.5, 2.5, 1.5], "texture": "#0"} } },
        { "from": [ 0,16, 0], "to": [16.000001,16.000001, 0.000001], "faces": { "north": {"uv": [1.5, 1.5, 2.5, 1.5], "texture": "#0"}, "south": {"uv": [1.5, 1.5, 2.5, 1.5], "texture": "#0"} } },
        { "from": [ 0, 0,16], "to": [16.000001, 0.000001,16.000001], "faces": { "north": {"uv": [1.5, 1.5, 2.5, 1.5], "texture": "#0"}, "south": {"uv": [1.5, 1.5, 2.5, 1.5], "texture": "#0"} } },
        { "from": [ 0,16,16], "to": [16.000001,16.000001,16.000001], "faces": { "north": {"uv": [1.5, 1.5, 2.5, 1.5], "texture": "#0"}, "south": {"uv": [1.5, 1.5, 2.5, 1.5], "texture": "#0"} } },
        { "from": [ 0, 0, 0], "to": [ 0.000001,16.000001, 0.000001], "faces": { "south": {"uv": [1.5, 2.5, 2.5, 2.5], "texture": "#0"} } },
        { "from": [16, 0, 0], "to": [16.000001,16.000001, 0.000001], "faces": { "south": {"uv": [1.5, 2.5, 2.5, 2.5], "texture": "#0"} } },
        { "from": [ 0, 0,16], "to": [ 0.000001,16.000001,16.000001], "faces": { "south": {"uv": [1.5, 2.5, 2.5, 2.5], "texture": "#0"} } },
        { "from": [16, 0,16], "to": [16.000001,16.000001,16.000001], "faces": { "south": {"uv": [1.5, 2.5, 2.5, 2.5], "texture": "#0"} } },
        { "from": [ 0, 0, 0], "to": [ 0.000001, 0.000001,16.000001], "faces": { "east": {"uv": [1.5, 3.5, 2.5, 3.5], "texture": "#0"}, "west": {"uv": [1.5, 3.5, 2.5, 3.5], "texture": "#0"} } },
        { "from": [16, 0, 0], "to": [16.000001, 0.000001,16.000001], "faces": { "east": {"uv": [1.5, 3.5, 2.5, 3.5], "texture": "#0"}, "west": {"uv": [1.5, 3.5, 2.5, 3.5], "texture": "#0"} } },
        { "from": [ 0,16, 0], "to": [ 0.000001,16.000001,16.000001], "faces": { "east": {"uv": [1.5, 3.5, 2.5, 3.5], "texture": "#0"}, "west": {"uv": [1.5, 3.5, 2.5, 3.5], "texture": "#0"} } },
        { "from": [16,16, 0], "to": [16.000001,16.000001,16.000001], "faces": { "east": {"uv": [1.5, 3.5, 2.5, 3.5], "texture": "#0"}, "west": {"uv": [1.5, 3.5, 2.5, 3.5], "texture": "#0"} } }
    ]
}